City_ID,City,Country,Max Temp,Current Description,Lat,Lng,Hotel Name
1,Esperance,AU,62.44,overcast clouds,-33.8667,121.9,Hospitality Esperance
5,Codrington,AU,65.35,overcast clouds,-38.2667,141.9667,Codrington Gardens Bed And Breakfast
7,Busselton,AU,60.4,clear sky,-33.65,115.3333,Observatory Guest House
11,Benguela,AO,79.77,moderate rain,-12.5763,13.4055,Hotel Praia Morena
12,Rikitea,PF,78.69,clear sky,-23.1203,-134.9692,People ThankYou
15,Faya,SA,73.51,clear sky,18.3851,42.4509,املاك خالد الشعشوع
17,Cape Town,ZA,82.81,clear sky,-33.9258,18.4232,"Radisson Blu Hotel Waterfront, Cape Town"
19,Lebu,CL,60.3,overcast clouds,-37.6167,-73.65,Hostal Las Lilas
20,Metro,ID,75.99,moderate rain,-5.1131,105.3067,OYO 3177 Wisma Lintang
23,Ribeira Grande,PT,66.6,few clouds,38.5167,-28.7,Quinta da Meia Eira
25,Carmen,MX,71.64,clear sky,18.6333,-91.8333,Hotel Lossandes
27,Castro,BR,76.91,clear sky,-24.7911,-50.0119,CHACARA BAILLY
29,Port Alfred,ZA,74.17,broken clouds,-33.5906,26.891,The Halyards Hotel
30,Kulhudhuffushi,MV,83.1,few clouds,6.6221,73.07,Haajy Guest House 1
31,Vila Velha,BR,89.55,few clouds,-20.3297,-40.2925,Hotel Vitória Palace
34,Juruti,BR,82.29,overcast clouds,-2.1522,-56.0922,Pousada Marupiara
40,Baghdad,IQ,69.71,clear sky,33.3406,44.4009,Baghdad Hotel
43,Dalby,AU,62.98,moderate rain,-27.1833,151.2667,Kobbers Motor Inn Dalby
44,Bulolo,PG,71.51,overcast clouds,-7.2,146.65,Pine Lodge Bulolo
47,Balikpapan,ID,77.99,few clouds,-1.2675,116.8289,Swiss-Belhotel Balikpapan
49,Tigre,AR,75.24,clear sky,-34.426,-58.5796,Puerto Delta Apartamentos
54,Bredasdorp,ZA,72.01,overcast clouds,-34.5322,20.0403,Bredasdorp Country Manor
55,Mabaruma,GY,85.23,overcast clouds,8.2,-59.7833,Monty Brooms Guest House
56,Tianpeng,CN,61.27,broken clouds,30.9866,103.9393,Shuangliu Love Home Business Hotel
57,Padang,ID,77.22,few clouds,-0.9492,100.3543,Mercure Padang
58,Bengkulu,ID,77.83,scattered clouds,-3.8004,102.2655,Grage Hotel Bengkulu
60,Kavaratti,IN,83.5,clear sky,10.5669,72.642,Hotels in Lakshadweep Islands
64,Sao Joao Da Barra,BR,89.69,clear sky,-21.6403,-41.0511,Pousada Porto De Canoas
66,Kirakira,SB,79.81,overcast clouds,-10.4544,161.9205,SanBiz Lodge
68,Hilo,US,67.73,overcast clouds,19.7297,-155.09,Hilo Hawaiian Hotel
75,Ruteng,ID,63.1,overcast clouds,-8.6136,120.4721,Hotel FX 72
77,Huarmey,PE,74.19,overcast clouds,-10.0681,-78.1522,Hotel Miramar
78,Guerrero Negro,MX,60.37,overcast clouds,27.9769,-114.0611,"Casa Laguna, Bed & Breakfast"
80,Sao Jose Da Coroa Grande,BR,82.98,broken clouds,-8.8978,-35.1478,Crôa Mares Hotel
82,Nagua,DO,80.65,broken clouds,19.3832,-69.8474,Hotel Cambri
84,Cam Ranh,VN,80.56,clear sky,11.9214,109.1591,OYO 598 Peony Hotel
85,Kapaa,US,66.52,light rain,22.0752,-159.319,Sheraton Kauai Coconut Beach Resort
86,Mungwi,ZM,72.43,light rain,-10.1732,31.3694,
90,Vaini,TO,73.56,scattered clouds,-21.2,-175.2,Keleti Beach Resort
93,San Cristobal,VE,68.18,overcast clouds,7.7669,-72.225,Pirineos
96,Port Elizabeth,ZA,79.11,clear sky,-33.918,25.5701,39 On Nile Guest House
97,Quelimane,MZ,84.15,broken clouds,-17.8786,36.8883,Hotel Flamingo
100,Hermanus,ZA,84.79,overcast clouds,-34.4187,19.2345,Misty Waves Boutique Hotel
101,Shadegan,IR,73.35,clear sky,30.6497,48.6647,مسافر خانه ابو ولید
104,Praia Da Vitoria,PT,64.65,scattered clouds,38.7333,-27.0667,Hotel Branco I
105,Lake Havasu City,US,79.09,clear sky,34.4839,-114.3224,Heat Hotel
106,Camacha,PT,63.82,scattered clouds,33.0833,-16.3333,Hotel Porto Santo & Spa
110,Boyuibe,BO,81.7,clear sky,-20.4167,-63.2833,Residencial Eluzai
111,Naze,JP,63.52,scattered clouds,28.3667,129.4833,Shishime Hotel
112,Le Vauclin,MQ,84.25,scattered clouds,14.5452,-60.8388,Hôtel Cap Macabou
113,Binga,ZW,82.04,light rain,-17.6203,27.3414,Lakeview Inn Binga
114,Alice Springs,AU,69.22,clear sky,-23.7,133.8833,Desert Palms Alice Springs
115,Zacualpan,MX,76.75,clear sky,21.25,-105.1667,La Colorada B&B
118,East London,ZA,74.34,few clouds,-33.0153,27.9116,Tu Casa
123,Larap,PH,78.06,overcast clouds,14.299,122.6504,Montemayor Cove
124,Ridgecrest,US,64.65,clear sky,35.6225,-117.6709,SpringHill Suites by Marriott Ridgecrest
127,Soe,ID,66.34,overcast clouds,-9.8607,124.284,Dena Hotel
128,Atuona,PF,78.75,few clouds,-9.8,-139.0333,Villa Enata
129,Puerto Ayora,EC,82.36,broken clouds,-0.7393,-90.3518,Finch Bay Galapagos Hotel
131,Allonnes,FR,69.84,clear sky,47.9674,0.1581,ibis Styles Le Mans Centre Gare
132,Hobart,AU,62.46,overcast clouds,-42.8794,147.3294,St Ives Hobart Accommodation Tasmania
134,Victoria,HK,69.85,overcast clouds,22.2855,114.1577,Mini Hotel Central
135,General Roca,AR,70.63,clear sky,-39.0333,-67.5833,Hotel El Recreo
138,Pisco,PE,72.01,clear sky,-13.7,-76.2167,Hotel San Isidro Oficial
141,Qurayyat,SA,68.18,clear sky,31.3318,37.3428,Resorts Kandel
145,Kimberley,ZA,85.69,few clouds,-28.7323,24.7623,Welgewandel Guesthouse
148,Chuy,UY,77.02,few clouds,-33.6971,-53.4616,Nuevo Hotel Plaza
153,Mahebourg,MU,82.69,few clouds,-20.4081,57.7,Shandrani Beachcomber Resort & Spa
154,Hualmay,PE,73.78,scattered clouds,-11.0964,-77.6139,Hotel Villa Kitzia Huacho
156,Zaraza,VE,85.15,broken clouds,9.3503,-65.3245,Hotel Zaraza
158,Bambous Virieux,MU,82.65,few clouds,-20.3428,57.7575,Casa Tia Villa
160,Meulaboh,ID,79.75,overcast clouds,4.1363,96.1285,Kost Pria
162,Airai,TL,60.82,overcast clouds,-8.9266,125.4092,
166,Puquio,PE,60.64,broken clouds,-14.7,-74.1333,Hostal Jousef
167,Ponta Do Sol,PT,66.83,scattered clouds,32.6667,-17.1,Hotel do Campo
168,Port Macquarie,AU,65.89,light rain,-31.4333,152.9167,Rydges Port Macquarie
169,Aguimes,ES,74.03,broken clouds,27.9054,-15.4461,Hotel Villa de Aguimes
171,Karratha,AU,83.03,overcast clouds,-20.7377,116.8463,ibis Styles Karratha
172,Ilheus,BR,80.42,broken clouds,-14.7889,-39.0494,Barravento Hotel
174,Hithadhoo,MV,83.1,clear sky,-0.6,73.0833,Scoop Guest House
179,Tucurui,BR,84.31,overcast clouds,-3.7661,-49.6725,BBB Rooms Centro Tucurui PA
180,Puerto Escondido,MX,83.5,scattered clouds,15.85,-97.0667,Aldea del Bazar Hotel and Spa
183,Kalmunai,LK,81.23,clear sky,7.4167,81.8167,VS Villa
184,Alora,ES,64.9,broken clouds,36.8236,-4.7058,Apartments Vientos de Santa María
185,Emerald,AU,69.94,scattered clouds,-23.5333,148.1667,The Irish Village
186,Noumea,NC,80.01,scattered clouds,-22.2763,166.4572,Hôtel Le Lagon
188,Amahai,ID,77.2,moderate rain,-3.3333,128.9167,HOTEL ISABELA
189,Isangel,VU,77.23,broken clouds,-19.55,169.2667,Tanna Lodge
192,Eydhafushi,MV,83.01,few clouds,5.1033,73.0708,Soneva Fushi
193,Kyotera,UG,76.1,overcast clouds,-0.6156,31.5175,NEW PARADISE GUEST HOUSE
194,Celestun,MX,74.05,clear sky,20.8667,-90.4,Posada Lilia
196,Santo Antonio Do Monte,BR,82.18,clear sky,-20.0872,-45.2936,Hotel Planalto
197,Vaitape,PF,80.78,light rain,-16.5167,-151.75,Conrad Bora Bora Nui
198,Nizwa,OM,87.98,clear sky,22.9333,57.5333,Orient Apartments
200,Northam,GB,63.25,clear sky,51.0333,-4.2167,Durrant House Hotel
203,Sola,VU,82.65,overcast clouds,-13.8833,167.55,Leumerus Bungalows
204,Quatre Cocos,MU,82.51,scattered clouds,-20.2078,57.7625,Sunrise Attitude Hotel
205,Avarua,CK,80.65,scattered clouds,-21.2078,-159.775,Paradise Inn
206,Gerash,IR,78.94,clear sky,27.6652,54.1371,Sa'adat House Gerash
207,Sinnamary,GF,81.3,overcast clouds,5.3833,-52.95,ALETHEIA Appartement Sinnamary
208,Geraldton,AU,72.01,scattered clouds,-28.7667,114.6,Broadwater Mariner Resort
210,Sehithwa,BW,83.98,broken clouds,-20.4667,22.7167,MONLEK GUEST HOUSE
212,Alofi,NU,78.69,overcast clouds,-19.0595,-169.9187,Taloa Heights
213,San Patricio,US,69.89,overcast clouds,28.017,-97.5169,"Motel 6 Sinton, TX"
214,Tevaitoa,PF,80.96,scattered clouds,-16.7833,-151.5,Hôtel Raiatea Lodge
217,Teluknaga,ID,85.6,thunderstorm with rain,-6.0989,106.6381,Kost Mewah (Mepet Sawah)
218,Port-Gentil,GA,85.96,few clouds,-0.7193,8.7815,Fengshui Residence
220,San Matias,BO,81.27,overcast clouds,-16.3667,-58.4,"HOTEL ""SAN JOSE"""
221,Salinopolis,BR,81.61,light rain,-0.6136,-47.3561,Salinas Park Resort Maçarico AP101
222,Bereda,ES,71.15,broken clouds,43.2686,-7.5406,Pazo de Verdes
223,Lasa,IT,66.69,scattered clouds,46.6166,10.7002,Pension Feldgärtenhof
224,Carnarvon,AU,77.07,clear sky,-24.8667,113.6333,Hospitality Carnarvon
226,Ambunti,PG,73.42,overcast clouds,-4.2365,142.8448,AMBUNTI HIDE INN
228,Isabela,PH,79.03,overcast clouds,6.7085,121.9711,Isawad Resort
229,Port Blair,IN,82.44,mist,11.6667,92.75,"Welcomhotel By ITC Hotels, Bay Island, Port Blair"
230,Saint-Philippe,RE,81.99,light rain,-21.3585,55.7679,"Chambres d'hôte ""La Trinité"""
232,Les Cayes,HT,84.2,few clouds,18.2,-73.75,Villa Orphee
233,Mareeba,AU,70.52,broken clouds,-17.0,145.4333,Trinity Plains Tourist Park
234,Upata,VE,84.97,overcast clouds,8.0086,-62.3989,Posada Villa Nela
235,Tulsipur,NP,72.21,clear sky,28.131,82.2973,Ekanta Hotel Pvt. Ltd
236,Nuevo Progreso,MX,72.46,clear sky,23.1667,-97.95,Balneario Rio el Paraiso
237,Kalaleh,IR,62.96,few clouds,37.3807,55.4916,عطر و ادکلن پارسیس
238,Da Nang,VN,78.78,broken clouds,16.0678,108.2208,Grand Mercure Danang
239,Saint-Francois,FR,69.24,clear sky,46.4154,3.9054,Manoir Du Bonheur
240,Saldanha,ZA,84.25,broken clouds,-33.0117,17.9442,Blue Bay Lodge
241,Kahului,US,72.84,clear sky,20.8947,-156.47,Maui Seaside Hotel
244,Cidreira,BR,74.84,clear sky,-30.1811,-50.2056,Hotel Castelo
245,Los Llanos De Aridane,ES,67.75,scattered clouds,28.6585,-17.9182,Valle Aridane
246,Namibe,AO,77.58,overcast clouds,-15.1961,12.1522,Hotel Chik Chik Namibe
247,Bathsheba,BB,83.01,scattered clouds,13.2167,-59.5167,Atlantis Hotel
249,Cabo San Lucas,MX,72.52,scattered clouds,22.8909,-109.9124,Hotel Tesoro Los Cabos
250,Butaritari,KI,79.83,broken clouds,3.0707,172.7902,Isles Sunset Lodge
251,Touros,BR,86.76,overcast clouds,-5.1989,-35.4608,INN NEW HORIZON
253,New Norfolk,AU,62.1,overcast clouds,-42.7826,147.0587,The Shingles Riverside Cottages
255,Araguaina,BR,85.77,overcast clouds,-7.1911,-48.2072,Hotel São Vicente
256,Novo Aripuana,BR,82.2,moderate rain,-5.1206,-60.3797,Hotel Ezequiel
257,Lorengau,PG,80.26,overcast clouds,-2.0226,147.2712,Lorengau Harbourside Hotel
258,Kieta,PG,78.19,light rain,-6.2167,155.6333,Uruna Bay Retreat
261,Point Pedro,LK,82.62,clear sky,9.8167,80.2333,Gtr homes
263,Sao Filipe,CV,70.72,broken clouds,14.8961,-24.4956,Hotel Xaguate
265,Harper,LR,83.75,overcast clouds,4.375,-7.7169,Screensaver
267,Axim,GH,84.63,broken clouds,4.8699,-2.2405,Axim Beach Resort And Spa
269,Caravelas,BR,87.06,clear sky,-17.7125,-39.2481,Pousada dos Navegantes
270,Mar Del Plata,AR,71.62,clear sky,-38.0023,-57.5575,Gran Hotel Mar del Plata
271,Calatayud,ES,60.22,broken clouds,41.3535,-1.6432,Globales Castillo de Ayud
272,Acarau,BR,82.65,overcast clouds,-2.8856,-40.12,castelo pizzaria
273,Minbu,MM,84.99,broken clouds,20.1833,94.8833,Pan Tha Tin Guest House - Burmese Only
277,Norsup,VU,79.86,overcast clouds,-16.0667,167.3833,Nabelchel Bungalows
278,Barmer,IN,87.85,clear sky,25.75,71.3833,Jain Dharamshala
279,Humen,CN,68.13,moderate rain,22.819,113.6731,豪门大饭店
280,Dubbo,AU,60.93,broken clouds,-32.25,148.6167,Quality Inn Dubbo International
281,Auki,SB,77.68,light rain,-8.7676,160.7034,Auki Motel
284,Dakar,SN,81.48,few clouds,14.6937,-17.4441,Novotel Dakar
286,Mecca,SA,87.96,clear sky,21.4267,39.8261,"Makkah Clock Royal Tower, A Fairmont Hotel"
287,Bilma,NE,89.62,few clouds,18.6853,12.9164,Expeditions Ténére voyages
288,Grand Gaube,MU,82.8,scattered clouds,-20.0064,57.6608,Veranda Paul et Virginie Hotel & Spa
289,Ballina,AU,69.78,scattered clouds,-28.8667,153.5667,Ramada Hotel & Suites by Wyndham Ballina Byron
290,Natal,BR,86.65,light intensity shower rain,-5.795,-35.2094,Villa Park Hotel | Natal
292,Dekar,BW,81.81,overcast clouds,-21.5333,21.9333,
294,Kollam,IN,81.64,few clouds,8.8833,76.6,The Raviz Ashtamudi
295,Georgetown,MY,85.95,few clouds,5.4112,100.3354,Cititel Penang
298,Bubaque,GW,77.9,broken clouds,11.2833,-15.8333,"Casa Dora, Bubaque"
299,Nishihara,JP,67.28,light rain,26.1842,127.7558,Minshuku Agaihama
301,Bela,IN,84.67,clear sky,25.9333,81.9833,Raj Bhawan
304,Denpasar,ID,80.26,broken clouds,-8.65,115.2167,OYO 3156 Hotel Warta 2
307,Atambua,ID,73.81,overcast clouds,-9.1061,124.8925,Kost Alfa Flat
311,Namatanai,PG,78.94,light rain,-3.6667,152.4333,Seagulls Inn Namatani
312,Madimba,TZ,87.12,scattered clouds,-10.4,40.3333,
313,Manokwari,ID,78.57,overcast clouds,-0.8667,134.0833,Swiss Belhotel Manokwari
317,Redlands,US,68.99,haze,34.0556,-117.1825,Dynasty Suites Redlands
318,Diamantino,BR,77.92,overcast clouds,-14.4086,-56.4461,Hotel Delta
319,Mpongwe,ZM,75.16,moderate rain,-13.5091,28.155,Casablanca guest house and bar
321,Santa Cruz Cabralia,BR,86.23,scattered clouds,-16.2781,-39.0247,Puerto Princesa Inn
325,Tuy Hoa,VN,77.2,overcast clouds,13.0833,109.3,CenDeluxe Hotel Tuy Hoa
327,Mitsamiouli,KM,82.69,light rain,-11.3847,43.2844,Foyer ADM
331,Itarema,BR,82.04,overcast clouds,-2.9248,-39.9167,"Sea Lounge! Bar, Club & Restaurant"
332,Ginir,ET,75.7,broken clouds,7.1333,40.7,Sura Dare Village
333,Mayumba,GA,82.4,light rain,-3.432,10.6554,LIKWALE LODGE
339,Mount Isa,AU,78.57,clear sky,-20.7333,139.5,ibis Styles Mt Isa Verona
340,Saint-Pierre,RE,82.08,overcast clouds,-21.3393,55.4781,Lindsey Hôtel
341,Cabedelo,BR,86.67,overcast clouds,-6.9811,-34.8339,Hotel Pigalle
347,Valparaiso,CL,64.04,clear sky,-33.0393,-71.6273,Hotel Ultramar
349,Oistins,BB,82.49,scattered clouds,13.0667,-59.5333,Butterfly Beach Hotel
351,Faanui,PF,80.76,light rain,-16.4833,-151.75,Bora-Bora Pearl Beach Resort & Spa
353,Necochea,AR,70.14,clear sky,-38.5473,-58.7368,dyd -mar Hotel
354,Monte Alegre,BR,83.19,moderate rain,-2.0078,-54.0692,Hotel Shekinah
356,Capitao Poco,BR,85.28,overcast clouds,-1.7464,-47.0594,Hotel New Tokyo
357,Moron,AR,76.01,clear sky,-34.6534,-58.6198,Hotel Morón
358,Richards Bay,ZA,76.1,clear sky,-28.783,32.0377,BON Hotel Waterfront Richards Bay
359,Palauig,PH,81.7,broken clouds,15.435,119.9045,Alperi Botique Resort
360,Kendari,ID,76.73,overcast clouds,-3.945,122.4989,Hotel Wixel
362,Ponta Delgada,PT,65.12,few clouds,37.7333,-25.6667,Vila Nova Hotel
364,Kampot,KH,82.45,clear sky,10.6167,104.1833,Two Moons Hotel
368,Liverpool,GB,65.28,scattered clouds,53.4106,-2.9779,Premier Inn Liverpool City Centre (Moorfields) hotel
370,Sijunjung,ID,73.29,scattered clouds,-0.6876,100.9537,Hotel Bukik Gadang
372,Tiznit,MA,79.81,overcast clouds,29.5833,-9.5,
373,Viedma,AR,70.52,clear sky,-40.8135,-62.9967,Hotel Cristal
375,Bani,DO,82.85,few clouds,18.2833,-70.3333,Hospedaje Henriquez
376,Buala,SB,79.3,light rain,-8.145,159.5921,Maringe Lagoon Lodge
377,Progreso,MX,77.11,clear sky,21.2833,-89.6667,Playa Linda Hotel
382,Intipuca,SV,80.55,overcast clouds,13.1969,-88.0544,Tropiclub Playa El Cuco
383,Lubao,PH,82.47,broken clouds,14.9167,120.55,Hacienda Gracia
384,Gigmoto,PH,79.41,overcast clouds,13.7796,124.39,Cj's Travellers Inn
386,Barinas,VE,89.69,overcast clouds,8.6226,-70.2075,Hotel Mastranto Suite
388,Debre Tabor,ET,73.71,overcast clouds,11.85,38.0167,Bahirdar
390,Arraial Do Cabo,BR,85.96,clear sky,-22.9661,-42.0278,Pousada Porto Praia
391,Port Lincoln,AU,66.24,overcast clouds,-34.7333,135.8667,Port Lincoln Hotel
393,Dingle,PH,77.77,overcast clouds,10.9995,122.6711,SEGAYA PROPERTY
396,Vao,NC,75.96,broken clouds,-22.6667,167.4833,Hotel Kou-Bugny
401,Cockburn Town,TC,76.96,broken clouds,21.4612,-71.1419,Osprey Beach Hotel
405,Calvinia,ZA,85.15,scattered clouds,-31.4707,19.776,Die Lemoenhuis
406,Constitucion,CL,64.04,broken clouds,-35.3333,-72.4167,Hotel Boutique Las Azucenas
407,Najran,SA,79.45,clear sky,17.4924,44.1277,محمد هادي ال فطيح
408,Kloulklubed,PW,77.5,overcast clouds,7.0419,134.2556,Storyboard Beach Resort
409,Porto Belo,BR,81.25,clear sky,-27.1578,-48.5531,Costa Verde Beach Hotel
410,Canutama,BR,77.86,overcast clouds,-6.5339,-64.3831,Hotel Jhennifer
411,Basco,PH,79.25,overcast clouds,20.4487,121.9702,Nathaniel's Lodge
413,Ugoofaaru,MV,83.17,few clouds,5.6667,73.0,Ungoofaaru Inn
414,Mangrol,IN,79.81,clear sky,21.1167,70.1167,Hotel The Royal Honours
416,Flinders,AU,68.18,light rain,-34.5833,150.8552,Shellharbour Resort & Conference Centre
419,Dicabisagan,PH,78.13,scattered clouds,17.0818,122.4157,Nancy Montanes Bernardo
420,Uige,AO,83.48,light rain,-7.6087,15.0613,Hotel Catraio
424,Mizdah,LY,88.47,overcast clouds,31.4451,12.9801,محمدالمبروك الاريقط
425,Corredor,CR,88.95,broken clouds,8.64,-82.946,Hotel Fortuna Verde
427,Pemba,MZ,88.5,few clouds,-12.974,40.5178,Guesthouse Samotina
428,Moche,PE,68.18,fog,-8.1711,-79.0092,Wyndham Costa del Sol Trujillo
429,Aitape,PG,77.61,heavy intensity rain,-3.1374,142.3475,
431,Mokobeng,BW,80.4,broken clouds,-22.9965,27.6678,Omphile B. Molefhe
432,Limbang,MY,78.91,overcast clouds,4.75,115.0,Purnama Hotel
434,Xanxere,BR,68.11,clear sky,-26.8769,-52.4042,Center Hotel
436,Rio Branco,BR,72.21,broken clouds,-9.9747,-67.81,Hotel Guapindaia Bosque
441,Santa Cruz,BO,75.25,broken clouds,-17.8,-63.1667,Aviador Hotel Boutique
442,Jibuti,DJ,79.56,few clouds,11.5,42.5,Orchid Main Camp Goubet
443,Qui Nhon,VN,78.69,scattered clouds,13.7667,109.2333,Khách sạn Hải Âu Quy Nhơn - Seagull Hotel
445,Acapulco,MX,73.22,few clouds,16.8634,-99.8901,HS Hotsson Smart Acapulco
446,Ipameri,BR,84.34,clear sky,-17.7219,-48.1597,Real Hotel
448,Bardiyah,LY,62.15,clear sky,31.7561,25.0865,بورتو بردية
449,Radnevo,BG,72.07,clear sky,42.3,25.9333,Hotel Nakra
451,Chibombo,ZM,75.34,light rain,-14.6569,28.0706,Chibombo District Council Guest House
452,Ulladulla,AU,65.3,light rain,-35.35,150.4667,Sandpiper Motel
454,Awjilah,LY,75.83,clear sky,29.1081,21.2869,المنزل
455,Nago,JP,65.25,overcast clouds,26.5881,127.9761,Hotel Yugaf Inn Okinawa
460,Maningrida,AU,76.51,overcast clouds,-12.0667,134.2667,Dhukurrdji Lodge
461,Tarakan,ID,78.3,few clouds,3.3,117.6333,RedDoorz Syariah near Taman Berlabuh Tarakan
464,Oriximina,BR,83.01,overcast clouds,-1.7656,-55.8661,Pousada Tia Amélia
466,Porbandar,IN,84.69,clear sky,21.6422,69.6093,Lords Inn Porbandar
467,Saint-Joseph,RE,80.98,light rain,-21.3667,55.6167,"""Plantation Bed and Breakfast"
468,Ambon,ID,75.34,heavy intensity rain,-3.6954,128.1814,Swiss-Belhotel Ambon
469,Bastia,FR,67.8,clear sky,42.6667,9.3333,Hotel Santa Maria
471,Gushikawa,JP,67.23,overcast clouds,26.3544,127.8686,Kirari Guest House
472,Comodoro Rivadavia,AR,60.66,clear sky,-45.8667,-67.5,Austral Hotel
475,Boddam,GB,62.44,few clouds,57.4667,-1.7833,Palace Hotel
476,Arrecife,ES,69.78,few clouds,28.963,-13.5477,Hotel Lancelot
479,Coquimbo,CL,62.33,clear sky,-29.9533,-71.3436,Hotel San Juan
481,Sambava,MG,80.17,scattered clouds,-14.2667,50.1667,Melrose
482,Yulara,AU,76.84,clear sky,-25.2406,130.9889,Desert Gardens Hotel - Ayers Rock Resort
486,Nabire,ID,75.61,moderate rain,-3.3667,135.4833,Hotel Nusantara Nabire
487,Kudahuvadhoo,MV,82.98,clear sky,2.6708,72.8944,Niyama Private Islands Maldives
489,Samarai,PG,81.72,broken clouds,-10.6167,150.6667,Nuli Sapi
491,Cascais,PT,70.21,few clouds,38.6979,-9.4215,Hotel Vila Galé Cascais
498,Belmopan,BZ,70.18,overcast clouds,17.25,-88.7667,Villa San Juan
500,Sipe Sipe,BO,63.16,scattered clouds,-17.45,-66.3833,Cabañas Oasis Marino
501,Concarneau,FR,67.82,clear sky,47.875,-3.9225,Brit Hotel de L' Océan
503,Caramay,PH,79.61,heavy intensity rain,10.1815,119.236,Peace and Love Beach Club
506,Salalah,OM,84.29,clear sky,17.0151,54.0924,"HAMDAN PLAZA HOTEL SALALAH, an HTG Hotel"
509,Poptun,GT,71.94,broken clouds,16.3311,-89.4169,Hotel Sevilla
511,Miandrivazo,MG,81.27,light rain,-19.5167,45.4667,Hôtel Arc En Ciel Miandrivazo
512,Bom Despacho,BR,84.09,clear sky,-19.7364,-45.2522,Sitio Sensation
513,Dibrugarh,IN,75.58,clear sky,27.4833,94.9,SHREE COTTAGE
514,Kavieng,PG,80.87,light rain,-2.5744,150.7967,Nusa Island Retreat
522,Hirara,JP,68.85,overcast clouds,24.8,125.2833,Hotel Atoll Emerald Miyakojima
523,Sabha,LY,82.2,clear sky,27.0377,14.4283,Foundation Taaj Asala for Historical Research and Archeology
524,Japura,ID,77.76,few clouds,-0.3167,102.35,Rumah mbah Jamah
525,Las Guacamayas,MX,79.81,broken clouds,18.0167,-102.2167,DIDPROQUIM
527,Jijiga,ET,72.23,few clouds,9.35,42.8,RAMAAS HOTEL
532,Castro Verde,PT,67.42,overcast clouds,37.6983,-8.0858,Hotel A Esteva
533,Tadine,NC,76.33,broken clouds,-21.55,167.8833,
535,Lakhnau,IN,85.98,haze,26.85,80.9167,C N Comforts Hotel & Dormitory
536,Luba,GQ,87.69,light rain,3.4568,8.5547,
537,San Rafael Del Sur,NI,81.57,broken clouds,11.8485,-86.4384,Hospedaje El Chino
541,Rawson,AR,64.45,clear sky,-43.3002,-65.1023,Hosteria Sampedro
542,West Bay,KY,80.08,broken clouds,19.3667,-81.4167,Calypso Cove
545,Pointe Michel,DM,86.94,few clouds,15.25,-61.3833,Castle Comfort Lodge Dive Dominica
546,Rocha,UY,77.41,clear sky,-34.4833,-54.3333,Hotel Arrarte
550,Mosoaia,RO,63.7,broken clouds,44.8167,24.7667,Popa's Căsuța din Povești
553,Tiquisio,CO,86.43,overcast clouds,8.5597,-74.2669,Luis Florez
554,Ipora,BR,84.54,broken clouds,-16.4419,-51.1178,Oásis Motel
556,Andros Town,BS,75.16,clear sky,24.7,-77.7667,Hanks place
559,Belmonte,BR,84.65,broken clouds,-15.8631,-38.8828,Pousada Monte Carmelo O Pão
560,Ho Chi Minh City,VN,86.02,few clouds,10.75,106.6667,Windsor Plaza Hotel
561,Zambezi,ZM,76.21,light rain,-13.5432,23.1047,Royal Kutachika Lodge
563,Mandurah,AU,65.91,clear sky,-32.55,115.7,Atrium Hotel Mandurah
564,Doha,QA,71.91,clear sky,25.2867,51.5333,Movenpick Hotel Doha
565,Crailsheim,DE,66.88,clear sky,49.1344,10.0719,Drei König
568,Paredon,MX,81.34,broken clouds,16.0333,-93.8667,Hotel Principal Paredon
572,Mucuri,BR,83.35,broken clouds,-18.0864,-39.5508,La Bodeguita Pousada
577,Almunecar,ES,74.43,broken clouds,36.7339,-3.6907,Almuñécar Playa Spa Hotel
579,Caernarfon,GB,62.62,few clouds,53.1413,-4.2702,Taldrwst Farmhouse
580,Manzanillo,CU,80.82,broken clouds,20.3433,-77.1167,"HOSTAL ""THE YELLOW HOUSE"""
583,Timbiqui,CO,74.86,overcast clouds,2.7717,-77.6654,Hotel Sharey
584,Vila Franca Do Campo,PT,64.81,scattered clouds,37.7167,-25.4333,Pestana Bahia Praia
588,Galdar,ES,75.7,overcast clouds,28.147,-15.6502,Hostel Guide
589,Cabo Rojo,PR,85.73,scattered clouds,18.0866,-67.1457,Hotel Perichi's
590,Nainpur,IN,85.51,scattered clouds,22.4333,80.1167,Railway Rest House
593,Marrakesh,MA,75.27,broken clouds,31.6315,-8.0083,Les Jardins de La Koutoubia
595,Manadhoo,MV,83.07,few clouds,5.7667,73.3833,Bon Abri maldives
596,Ewa Beach,US,72.09,clear sky,21.3156,-158.0072,Base Lodging
597,Pringsewu,ID,73.89,moderate rain,-5.3582,104.9744,Urban Style by Front One
600,Arco,IT,75.04,clear sky,45.9177,10.8867,Hotel Campagnola
601,Elin Pelin,BG,66.02,clear sky,42.6667,23.6,Hotel Restaurant Dimoli
602,Port Hedland,AU,84.25,overcast clouds,-20.3167,118.5667,"The Esplanade Hotel (Accommodation section closed for refurbishment - Bar, Restaurant & Functions remain open)"
603,Yangjiang,CN,67.19,light rain,21.85,111.9667,HUALUXE Yangjiang City Center
606,Buraydah,SA,72.05,clear sky,26.326,43.975,Mövenpick Qassim
607,Nurtingen,DE,70.07,clear sky,48.6256,9.342,Best Western Plus Hotel Am Schlossberg
610,Labuhan,ID,79.23,overcast clouds,-6.8844,112.2051,DoubleFAG
613,Benicarlo,ES,65.25,clear sky,40.4165,0.4271,Hotel & Spa Peñíscola Plaza Suites
614,Yeppoon,AU,73.18,overcast clouds,-23.1333,150.7333,Villa Mar Colina
615,Maldonado,UY,69.22,clear sky,-34.6667,-54.9167,La Cimarrona
616,Souillac,MU,82.78,few clouds,-20.5167,57.5167,Shanti Maurice Resort & Spa
617,Bodden Town,KY,80.01,broken clouds,19.2833,-81.25,Will T Place
618,Charters Towers,AU,72.03,few clouds,-20.1,146.2667,Cattleman's Rest Motor Inn
619,Simao,CN,61.34,scattered clouds,22.7886,100.9748,Changyu Hotel
620,Nouakchott,MR,73.33,clear sky,18.0858,-15.9785,HOTEL IMAN
626,Gondar,ET,79.5,broken clouds,12.6,37.4667,L Shape Hotel
629,Mogadishu,SO,85.87,few clouds,2.0371,45.3438,Hotel Juba
636,Salta,AR,72.57,clear sky,-24.7859,-65.4117,Hotel Alejandro I
637,Vangaindrano,MG,77.72,moderate rain,-23.35,47.6,Hotel Fanilo
644,Santa Vitoria Do Palmar,BR,76.51,few clouds,-33.5189,-53.3681,Hostel Comodoro
649,Chicama,PE,66.74,overcast clouds,-7.8447,-79.1469,Balihai Bungalows
651,Lata,PT,74.07,overcast clouds,40.1629,-8.3327,Casa Maquia
652,Townsville,AU,77.88,overcast clouds,-19.25,146.8,Rydges Southbank Townsville
653,Toda Raisingh,IN,88.39,clear sky,26.0252,75.4849,MONU ajmera
654,Merauke,ID,79.86,overcast clouds,-8.4667,140.3333,
655,Saurimo,AO,82.72,broken clouds,-9.6608,20.3916,Hotel Kawissa Saurimo
657,Jardim,BR,84.47,clear sky,-21.4803,-56.1381,Estancia Hotel - Jardim MS
661,Sao Geraldo Do Araguaia,BR,83.86,overcast clouds,-6.4006,-48.555,Hotel Por do Sol
665,Caibarien,CU,76.3,clear sky,22.5206,-79.4669,La Nena
667,Lashio,MM,68.14,clear sky,22.9333,97.75,Hotel CF Lashio - Burmese Only
668,Wanning,CN,72.34,overcast clouds,18.8003,110.3967,Paradise Hotel
669,Sayyan,YE,63.12,clear sky,15.1718,44.3244,ملاطف ابوحورية
672,Kariba,ZW,78.69,light rain,-16.5167,28.8,Caribbea Bay Hotel
673,Yilan,TW,64.36,overcast clouds,24.757,121.753,Dar Chen Hotel
674,Carauari,BR,73.15,overcast clouds,-4.8828,-66.8958,Hotel Fellip
676,Sur,OM,82.06,clear sky,22.5667,59.5289,Sur Plaza Hotel
678,Savannah Bight,HN,77.59,overcast clouds,16.45,-85.85,Villa on Dunbar Rock
679,Torres,BR,78.82,clear sky,-29.3353,-49.7269,Farol Hotel
680,Coromandel,BR,82.8,clear sky,-18.4733,-47.2003,Hotel Dona Adélia
682,Lucea,JM,80.85,broken clouds,18.451,-78.1736,Grand Palladium Jamaica Resort & Spa
684,Rio Grande,BR,78.91,clear sky,-32.035,-52.0986,Hotel Atlântico Rio Grande
687,Pizarro,CO,78.03,light rain,4.9533,-77.366,Hotel Limonar
690,Moerai,PF,79.79,broken clouds,-22.4333,-151.3333,Le Manotel
691,Kruisfontein,ZA,76.89,overcast clouds,-34.0033,24.7314,Oyster Bay House Rental
692,Misratah,LY,71.96,overcast clouds,32.3754,15.0925,Almasa Hotel
693,Djambala,CG,83.79,broken clouds,-2.5447,14.7533,Hotel Ravin D'or
695,Luau,AO,77.45,light rain,-10.7073,22.2247,Casa- Bernardo Cândido
699,Matara,LK,79.72,few clouds,5.9485,80.5353,Amaloh Boutique Resort
700,Kapasan,ID,76.35,overcast clouds,-6.7773,111.3789,Perum Perhutani Kph Mantingan
